Name,Created,Tags
19/06/2023,"June 19, 2023 7:24 AM","Personal, Planning"
22/05/2023,"May 14, 2023 6:24 PM","Personal, Planning"
24/04/2023,"April 21, 2023 9:51 AM","Personal, Planning"
27/03/2023,"March 23, 2023 9:41 PM","Personal, Planning"
"27/02/2023 ","February 17, 2023 12:15 PM",
30/01/2023,"January 24, 2023 10:01 AM",
"02/01/2023  ","December 20, 2022 12:00 PM",
21/11/2022,"November 11, 2022 3:30 PM",
24/10/2022,"October 17, 2022 12:14 PM",
26/09/2022,"September 16, 2022 7:54 PM",
29/08/2022,"August 3, 2022 3:01 PM",
18/07/2022,"July 11, 2022 1:13 PM",
20/06/2022,"June 13, 2022 10:40 AM",